use test;
drop table if exists t;
drop table if exists v;
create table t ( c int );
insert into t values (42);
create view v as select * from t;
drop database if exists d;
create database d;
use d;
select * from test.t;
c
42
drop database d;
use test;
drop table if exists t;
drop table if exists v;
